plasmid.name	Target.gene.name	Target.gene.NM.number	Sequence	utr.length	Red..replicate.1	Red..replicate.2	Red..replicate.3	Red..replicate.4	Red..replicate.5	Red..replicate.6	Red..replicate.7	Red..replicate.8	Referenzwert.der.Kontrollen.(normiert.auf.pMIR.+.miR-34a)	positive.Validierung.Mutagenese	positive.Validierung.Western.Blot	Comments./.technical.issues	utr_no	p.value	Median_Perc_RLU	Mean_Perc_RLU	is_target
ADORA2A_1	ADORA2A	NM_000675	GACTAGTTGATTCATGGAGTTTGCCCCTTCCTAAGGGAAGGAGATCTTTATCTTTCTGGTTGGCTTGACCAGTCACGTTGGGAGAAGAGAGAGAGTGCCAGGAGACCCTGAGGGCAGCCGGTTCCTACTTTGGACTGAGAGAAGGGAGCCCCAGGCTGGAGCAGCATGAGGCCCAGCAAGAAGGGCTTGGGTTCTGAGGAAGCAGATGTTTCATGCTGTGAGGCCTTGCACCAGGTGGGGGCCACAGCACCAGCAGCATCTTTGCTGGGCAGGGCCCAGCCCTCCACTGCAGAAGCATCTGGAAGCACCACCTTGTCTCCACAGAGCAGCTTGGGCACAGCAGACTGGCCTGGCCCTGAGACTGGGGAGTGGCTCCAACAGCCTCCTGCCACCCACACACCACTCTCCCTAGACTCTCCTAGGGTTCAGGAGCTGCTGGGCCCAGAGGTGACATTTGACTTTTTTCCAGGAAAAATGTAAGTGTGAGGAAACCCTTTTTATTTTATTACCTTTCACTCTCTGGCTGCTGGGTCTGCCGTCGGTCCTGCTGCTAACCTGGCACCAGAGCCTCTGCCCGGGGAGCCTCAGGCAGTCCTCTCCTGCTGTCACAGCTGCCATCCACTTCTCAGTCCCAGGGCCATCTCTTGGAGTGACAAAGCTGGGATCAAGGACAGGGAGTTGTGAGCTCG	689	118.138497482864	97.0090678775367	92.7614145982287	86.9435708221956	98.2573164781143	72.3740310594485	96.0475186213263	79.0868216772298	100	NA	NA	NA	1	0.172846171333525	94.4044666097775	92.5772798271179	0
AGTR2_1	AGTR2	NM_000686	GACTAGTACGTGAGAGCAAAATGCATGTAATCAACATGGCTACTTGCTTTGAGGCTCACCAGAATTATTTTTAAGTGGTTTTAATAAAATAATAAAATTTCCCCTAATCTTTTCTGAATCTTCTGAAACCAAATGTAACTATGTTTTATCGTCCAGTGACTTTCAGGAATTGCCCATTGTTTTTCTGATATGTTTGTACAAGATTGTCATTAGTGAGACATATTTACAACCTAGAAGTAACTGGTGATATATCTCAAATTGTAATTAATAATAGATTGTGAATAATGATTTGGGGATTCAGATTTCTCTTTGAAACATGCTTGTGTTTCTTAGTGGGGTTTTATATCCATTTTTATCAGGATTTCCTCTTGAACCAGAACCAGTCTTTCAACTCATTGCATCATTTACAAGACAACATTGTAAGAGAGATGAGCACTTCTAAGTTGAGTATATTATAATAGATTAGTACTGGATTATTCAGGCTTTAGGCATATGCTTCTTTAAAAAAGCTATAAATTATATTCCTCTTGCATTTCACTTGAGTGGAGGTTTATAGTTAATCTATAACTACATATTGAATAGGGCTAGGAATATAGATTAAATCATACTCCTATGCTTTAGCTTATTTTTACAGTTATAGAAAGCAAGATGTACTATAACATAGAATTGCAATCTATAATATGAGCTCG	689	88.9172489989248	91.7894932844847	102.320306401116	82.6224154300623	90.7350071014419	94.1693474520727	88.657418894096	81.8836188849587	100	NA	NA	NA	1	0.00361187812929311	89.8261280501834	90.1368570558947	1
CACNA1C_8	CACNA1C	NM_000719	GACTAGTAGTCCCATGGGCAGATGCTTACACGACCTCTTTGTGAAGCCTCTTCTGGGTTTAACTTCATTCATCAATTTATTCTTATGTCAAAGCAATGAAACTTTTCTTTCTGGAGCCAGATACCAATACAACAGGTGAACGGGTTTCTGCCACATCTCTACATTGACGGGGGATGCTTGAACAACCCCCCTCACTACACAGACACACACCGTTAAGGCACAAGGGCTGGGGTTGAaaTCTAGATGAGGGACTTTCCTGCTCCTGCAAGGGTGAGCACTGTATACACAGACAAGGAGGGTGCAGTAGAGTGACTCCCTTGGATGGAAGTAGTACCATCAGAACCTACTATTATTATGACATAAATTCTATTTACATACATTGAGAGAATACTACAATCAACACTTTTTCCTGGGATGACTTTAAGAGGTTTGAGCCACAGCACCTGAAGTGGCAAAGATCCATGGTCTTTGTAGGGTATTAGAGAACTCTTCCAGTCACCTCTGAAAGCACTCTAGATCTTGCAGCTGAGTGGATGAAGTGTAACAAATCTGTTGCACGCTGAGAGGAGTCAGAATTAGCATTTTTCATGAAAGTTCCCCACGTCTCTACTAAGAATGAGGAAGAAAAGACTAAGACTAGGTAATTACACAGAGGCTTGAAATGTTACATCACCAGAGCCAAGAGCTCG	689	53.9229649801708	42.946778529481	58.2266508447599	54.9783262219167	68.0422144868749	65.8701860707709	66.6359762403276	63.8594819306271	100	NA	NA	NA	1	2.90545387808404e-06	61.0430663876935	59.3103224131161	1
CREB1_7	CREB1	NM_134442	GACTAGTAATATTTAACAAATTTTTAATTCTATGATCAGCCACAGTCAGCTATTACCATAAATTGGTCTCTGTTTATTTTGAAGATCACGGCTGCTTCATTTTGCAGGATTAAGTAGGGCTAATGTATCTTAAAGTTAAGATCTTGAATTAAAGTGAGTTTTAGAAATAGTGTTACATACCTTTTCAGTTGTTTTCAAGAGGCTTTATTTTTGTTGCCTTTGTAGCCCTGAAAGCTGTTGGTATATTTTTTCCCTCATGGACCCAATAGAAAAGTTGTATATTTATTTGGATTATATTTACATTCTGTCCTTTGTAAATGTTTGGTGTAACTTGCACTTTTTTAAATGACCCAGTTTGGGTATTAGCAACTTAAGAAATTCCCTCATCAAGTAATTCTCAACTTTTTAGTCTTTCTCCTCTCTTCAAATCATGTGACTTTTTAAATGGAAGTTTTTCATTGATTAAAATATTTTAGCACCTAAAAGCTAGCCTTAAAAACAGCTGTAAAAGAAAAACATCAGGAAATTAGATATGACTAGCCCAGTTAATTAAAAGACGGGCTCAAACCTTGTTTTATTCTTTTTCATCTTGGATGAAGATTGAAGGGAAAATAACTCAAGTGCATAATATTTATTTTCAATTTTTAATGAGACTTTATCCTCATCACAACATTAATACTGTGAGCTCG	689	88.3536703219101	63.1756949359617	70.0525692566192	66.3799394552124	70.5159088903363	64.3425858490878	60.7527946438228	65.8232793278846	100	NA	NA	NA	3	1.75708556838222e-05	66.1016093915485	68.6745553351044	1
CREB1_5	CREB1	NM_134442	GACTAGTGAAACTTGAAGATTTCAGTTTATAAAGATAAAATCAAGCATCTTTTGTGCAGTTTTCTTTTTTTAATGCAAGAATGGTGGGGAGGTTTGTTTGTAAGCATGAAACTTTGAGAATCTTTATTAAGAAAATGACATAATTTTTAAAAACCTTGTAGCCAAGAACATATGTGGCCACATTACCAGTAATAAATGTTTTTCTCTTTATATTGGCCAAAAGGGAATAAAAATGTCATCATAGGAATTTGTACATATGCTACTGATTTGCCTAGAAAATAGCAAGTTTGATATTGCTCACTTTGCAAATATAGGGCCATGTGGCACTTTTATCTATAGGACAGATTAATAAAAATGAAGTGGGGAGGGGTTTATTTTTGATATATTACTCTTATGAGTTTTCAAGCTTTGATAATGTTTAACTGAAAAGTGGCTTAGAAAGGGCTAGATCCAATGTGTTCATTATTAAATAATTGCTATCAGATACAATTTTAAGTTCATTCTTTTTCAAACTCAAGTACCATATTGGCAACCATAATATTGTCATAGGTGCTCTCTTCATTTAGATATTCTTGGGGGGGGTGGCATTTGTATAATATATGTGTACATATATATATATATATATATATATACATACAGTATATAATCTAAAGCTCTGAGAaaTCTTAAGTCAGGAATGCTGGAGCTCG	689	66.3290971149476	58.5586840807479	62.0146734529636	68.5394257123134	69.3224523982485	83.3081324482049	69.0744349491984	64.0446846890282	100	NA	NA	NA	2	5.04587101737569e-06	67.4342614136305	67.6489481057066	1
CREB1_11	CREB1	NM_134442	GACTAGTATATGAGGATATGTGGGGGGTCTCAGCAGGAGCCTGGGGGGCTCCCCATCTGTGTCCAAATAAAAAGCGGTGGGCAAGGGCTGGCCGCAGCTCCTGTGCCCTGTCAGGACGACTGAGGGCTCAAACACACCACACTTAATGGCTTTCTGGGTCTTTTATTTGTACCCATGTGTCTGTCACACCATGAATGTACCTGGGGAAATCAACTGACCTCCCTGAACATTTCACGCAGTCAGGGAACAGGTGAGGAAAGAAATAAATAAGTGATTCTAATGCTGGAGCTCG	292	79.2865242314574	92.5163515701639	68.3935219081846	99.8082913939308	86.5200846169226	62.8742232894432	90.4517653432998	96.1686443716267	100	NA	NA	NA	1	0.0129639346593451	88.4859249801112	84.5024258406286	1
CREB5_2	CREB5	NM_182898	GACTAGTTTCATTTTGACTTCCTTCTGTTTTATTTTTTTCCCTTTAGCATTGCATGTGAATAAGAAAATAATGTTTAAAGAAAAAAAAAAAAAAGCAAACCTCCAAAACGTGGACCTAACCATTGCTTCACTTACACTTCACCCACAGCTGGAGTTCATTCAACTCTTGCTTTTCACAAAATAGTAACCAGGAGATGTTTAATGTGCCTGATTTAATGTTTTTAATAATCACAGCAAATGAAAGGTGGTTTAGTTATAAGTGAAGCATGGTTGAATACCAGCTGGGGAGACACTAGGGAAGGGAGCTTTGTAAGCCTTGATTGCGAAAGTCCAAATTTTGATGTGGGGCTATAACATGACACCCTTGGATTGCGACTGGTTTTATACGGCCTGCCTATAACGTTGAAAATCCATGTACTACATAATAATTCAGAAGGGCTCTATTCACTACACAGATTACATTGTTCAATCATCAGCTGCTAATAGCCTAAGATTTATTTTTTTTTTTTTCTTAAGCCTATGGAACCGGCTTTGCTGTTCTGGGGGGTGAAAATAGACTAACTACTGGAGAAACAAAGAGAGAAAGAAAACCCAGTGTTTCCATAGGGGCACTTTTAGCCTTCCCACAACAGTTAAGCACTCTTTGACTGCTGAAGGAACCCCATGGATGAGGTGCAGGCTAGAGCTCG	689	47.328983322549	44.5881559820362	55.03022348991	43.5565474636699	46.6366159197064	41.6381184130348	58.4849142969354	45.3665610221466	100	NA	NA	NA	1	3.96679477656713e-08	46.0015884709265	47.8287649887485	1
CXCL12_1	CXCL12	NM_000609	GACTAGTGAGGGTCAGACGCCTGAGGAACCCTTACAGTAGGAGCCCAGCTCTGAAACCAGTGTTAGGGAAGGGCCTGCCACAGCCTCCCCTGCCAGGGCAGGGCCCCAGGCATTGCCAAGGGCTTTGTTTTGCACACTTTGCCATATTTTCACCATTTGATTATGTAGCAAAATACATGACATTTATTTTTCATTTAGTTTGATTATTCAGTGTCACTGGCGACACGTAGCAGCTTAGACTAAGGCCATTATTGTACTTGCCTTATTAGAGTGTCTTTCCACGGAGCCACTCCTCTGACTCAGGGCTCCTGGGTTTTGTATTCTCTGAGCTGTGCAGGTGGGGAGACTGGGCTGAGGGAGCCTGGCCCCATGGTCAGCCCTAGGGTGGAGAGCCACCAAGAGGGACGCCTGGGGGTGCCAGGACCAGTCAACCTGGGCAAAGCCTAGTGAAGGCTTCTCTCTGTGGGATGGGATGGTGGAGGGCCACATGGGAGGCTCACCCCCTTCTCCATCCACATGGGAGCCGGGTCTGCCTCTTCTGGGAGGGCAGCAGGGCTACCCTGAGCTGAGGCAGCAGTGTGAGGCCAGGGCAGAGTGAGACCCAGCCCTCATCCCGAGCACCTCCACATCCTCCACGTTCTGCTCATCATTCTCTGTCTCATCCATCATCATGTGTGTCCACGAGCTCG	689	76.7443951299963	85.03835080363	85.2900772882456	69.1740028329319	78.4606113357363	77.9400560796187	63.2474457196685	71.7703981006488	100	NA	NA	NA	1	4.47224468754854e-05	77.3422256048075	75.9581671613095	1
GNAI2_2	GNAI2	NM_002070	GACTAGTAGTGTGTCTGCGTGTTTACACCCGTCCCTCTGCTGGCCGCCCCCGTGCGAGCGGCACCCCTGCCCTGCCCTCCACAGAATTGGGTTCCAAGGGCTGTTCCAGACAACTGCCAACGTCACTGAGGGCCCTGCCCCAGCGGCCCTGGCCCCAGGCTCTATTAACCTAAAATGTAGCTCCCTAGCGCTAACCTAGGAACCGCCGCTGCCTGCTGGGGGGCCACGCCCCTCATGCCCTTGTCCCAGGCCCGGGGCCTTCAGCGTTGAACACTTCCTTGCTTTTTTCACATGTTTTATGGAATTGTTCACCTGGTTTGAAATAATAAAATGTAGAAAGAAAAAAAATAGAGCTCG	357	105.482042424449	102.45596426051	86.4816565824114	85.3826808269989	82.9645166445905	65.6036265797994	72.3668744905466	86.4104310059071	100	NA	NA	NA	1	0.0207662151824544	85.896555916453	85.8934741019016	1
GNG12_2	GNG12	NM_018841	GACTAGTTTGTAATCAAGTAATGCAATCATCTCTCCTCTCTTGAAATCTTGCTGGACCTCTTAGGCTACAATAAACTGTACCAAACTAAACTGACAGTCCTTCGATAATATGAAACATTAATTTACAAGGACCCGTTAGGGCTTCAATGATGCTGAGTCTGGAAAAGGGGAGGAGACCCTTGGGAGGACTCCAGGCAGCTGTGCTCCCAGGGCTCATGTTCTCTACTGGATTAGGGATAGGCACCTCTGAAATCTCCACCCTGATGATTGGAATGAAACGGAGTGAACATGAGCCCAGCTGAGAGAGGAGCAGGAATGTGTGAAAAACAGCTGCTCTCCTTGTCCCAGCTTTGTGATTGAGCCCTCTGTCTTGCTCTCTCTGCCTTCCCTGTGTCTTTCTTCTCTTACCAGAGCATCTGTTTGCAGAGGTAACATTACCTTCCCCAGCCACAGGTATGTGGAATACGGTGAGGAAAAAAAAAATTAAAAAAAAAATGCAAGCTGTCAGGATGCTTAAGCTCTTTTCAGACATCTGCAGTTTCATCCCTACCTTGTTCACATACCATCCAAGAGGCACATAGGCTACCCAAGAGAGCCTTGGATTCAGTGGTACACTCCTTGGGCCCAAGGGCTTTAGCAGCTGGATATGGGGTTCCTTGATTTTCCTCTGGGCCCAAATATAGAGCTCG	689	73.9923012185182	73.4536132680472	81.1040700355618	63.4939669192437	78.3650390844237	73.1814131174458	69.9371593157065	62.9527032866481	100	NA	NA	NA	1	5.40861732675702e-06	73.3175131927465	72.0600332806994	1
GRIN2A_13	GRIN2A	NM_000833	GACTAGTTTATTTGGAGATCCTGTTGTTGGGTCTACAAGTGCGTGACCATGTTCTCCTTGGAATGTTGAGCTATGCAGAAATGGAGCACTCCAAAGAACGATTTGACCAATAGCATTTCTTCTCTGGGGGTTGTATTTCAAAGCATGCAACTCTCCAGGGAACCAGAACTAAATTGCTTAAAATGAAGTCATTCCTCAGATTAACTTCCTCAGATAAAGTGTCAGCGGTCTGCAGAAACGAAGAAGACAAAACTGAGATTATCACTCATAATTCTCTTACTTACTATGTCAGTGAAACAATGAGTTTGCATTTTTGCAATCCTAGAACATTCTTCATTAGCCCTGGGTCATGACCTCTTCCAGTTAATTCTCTTTCACACCTTTAGGAAAGATTTAAGATGAACCTTCAATAGGATATTAACATAACTCATAGCCAATACCACAGCTGCCTTTCAAATTAATGAGGTTAATTGTTCTCCAGCAAACATGAGTTTGTCTTTGGCATTTTAAATGCTTCCCATTGATCTGACATTTTGCTGTTTCAAGTTTTAAAGGGCTCAAATCAAAGACTATTGATAACTGAGCAAAGAGCGAAGATCCAGAAATACGAAAACATTGTCTTTTTTTTTCCATGAAAAACAATCATAGCCTTTTGAATTCAATCGAAGTTTCTACATTAGCCGAGCTCG	689	69.5233536565773	71.5127984344553	64.102489626829	57.1007211139466	59.3842034587798	61.1947130253221	55.0462140876433	56.8783097195837	100	NA	NA	NA	2	4.36176885950511e-07	60.2894582420509	61.8428503903921	1
GRIN2A_11	GRIN2A	NM_000833	GACTAGTCGATATTCTAGGCATATCCTAGAATGTGATCCTCAAAACAACCTTAAGATATAAATATGATTGCTCCCATTTTACAGATAAGGAAACTGAGGCTCAGGTTTTTCTCAACCTCGTCAGCAACTAGAATTAGCTAGTAAATCCCTAACGTTAGACATATTTTCAAAGTGCCTGGTCTCCTCCAGGGAGGTCAGAATAGAAGTCAGAAAGAGAGGTGTGCTCTTTTGAGGTTCCTGGGCATATACCCTTGAGTATCAGCCTCTGTGACAGGGAAGTCTGTTAGGGTCTTACCCCTCATTGCCTGATCTGTGTGTATGGAGAACTTCTGGGGATCTCACCTCTGTTCATAGTTCCTTCTGAGACTTGAACACTGTTTGTGTCTCCCTTTCATATGCTTGCACTTAGCATTTAAAAAAATTTCTGGGGAGTTATTTTCTCTACTTAGCATGTGCCTAATCTTAAATATCTCTTTCCTAATGTCTCATCTTTTTATCAGTCAACATCAGGGCTAATTCCATTAAACATATATACATAGTACATGCTCTCATGTGTGTGGGTATGCACACACACACACACAGCCATGTGACCCTCCATTAAAGTCCTCCTAAATATTGTGACCCATGTTCAAAGAGGTGATATTATTTGCAAGTTGACTATTCCTCCTATTTCATGTCTATGGAGCTCG	689	97.6661118045934	79.9692100564326	73.0693651411247	62.6301415245556	59.4488849646151	54.8765252323481	64.3010026308949	59.3132509724721	100	NA	NA	NA	1	0.000442914425880964	63.4655720777252	68.9093115408796	1
GRIN2B_10	GRIN2B	NM_000834	GACTAGTTTAGGGCTTCTCATTTACAATATTGAAGCAAGAAAAAAGAATTTTGTTCAGAGTAATGGGTTAGAATAGCAGTACTGGGAATAAGTAGGGAAAGTTAGAAATCTTCCACATTTCTCTCTACATCTCTCAAGAaaTCTGTACAGTGAGTTTCTGGAGCTGCTTCATGCTTTGAATATAATTGCTGGGGTGATTATGTGGTTAAGGGCTCCTGAAAGAACTGAAGGTGAAAAGCAGAGTAGATGAGTAGAATTCCTCAGAGCCTTGGCACTCTGGTGTGTAGAATCTGTGTTTTGGAGAAGGTGAAAGAACTCAGTGCAAGAATTAAGGTACAATTAAAAAGCACAACACTAAGCCCAATTTAAACTGTTATTTTAAAGATTAGGTTTCCACACTTTAAACCTGAACTCTTTTATCGGTAATTATTTTAATGTTGTGATTTAGGAGGTGGAGCAGATTCTAGTACTATGCAGGAGAAAAAAATAAAAGCTCTCTGGTTAAATATGTGAGTTTAATTAAACCAACGTCTATTGTGCACGTACTATGTCCCTAGGCTAGTTCTGTGAATGATATAAAAGGTTTCAAAATGGAGTATATTGTACTCACGTAGAATATATGAAAGCATAAGTATAAAATATGTAAATGTATGTATAAATAGGTATGCATACATTTGTATGAGAGCTCG	689	73.9414825218077	62.2547769408439	69.2045100785664	68.4069283685215	63.3313005681248	61.298934381253	57.6770348096406	64.1864309715696	100	NA	NA	NA	1	2.67913156042955e-07	63.7588657698472	65.0376748300409	1
GRIN2B_37	GRIN2B	NM_000834	GACTAGTCTGATTGTTTCCCACCCCACTCCCAGTCCCAGTCCTGTTACTGGCTTTATATATGGATTCTAAATGATCTCTCTTTCTATACCTTGATTGCTAAATTATCCAAGTTAAATAATAGTATCTCCCCCTTAGCTATCTTGGTAAGAAAATAGCATAGACATATTTAGCTTTTCACATGCCAATCATGAGGCACATTTCAACATCACTTTATTAAAAGCCACATGCTCCTCCTATAGTCCTAGTACTGGAAAGGACCTTCTAGAGACCATTTAGAAGAACTCTGTCTCATGGCCAAGGAGCCTGGGTGAaaTCATGTATGGCAGCCCTGGCTAGAAGCCAGCAGGGCTAATCCCTAGTTCCAGGAATCTCCCAGGATAATGTATTGTTATCTCTTTGAAGTTACTGTCTCAGAGAGATTATCTGTGAGGGTCTCTCTTGTACTTTCCTTTGTACTGAACAAAAATTCTTGTTTCTCCCTGAACATTCCAGAAAGTAGCAAGCTCTAACATAAAGCCAGATTCTTCCCAGATATAGTGATTCTCTTTACTTCTGGAGATACTTCCTTAAACCCCAAATTTTTTTTGGACAACAGAACTGCTTTAACAATAATCTGAAAATTATACAGTAAGTTTGATTTGAAAATCTGAGATTTGTTTAAAAAAAAAAGGGGGAAGACAAGAGCTCG	689	75.3105025496843	82.7782303038656	75.6522212258924	79.3892773282754	93.4014843020451	93.7697027330484	86.3786684832817	72.6276584597902	100	NA	NA	NA	2	0.000494781104501511	81.0837538160705	82.4134681732354	1
ITPR2_2	ITPR2	NM_002223	GACTAGTTCTCTGGGATTCAGACAGGCTCTGTCAATGTGGAGCACAAAAGGAGATTTTCATATAACTTGTTAAAAACATGTTCTAAGTCATGTATAGGCTAAGATTTTAAGAAGATCTGGGGGAATAAAAAGCCAACAGTAAGCCCCAGGAAAGGGTTTTTTGAGACCATATGTATGCTATTAAAATATATTGAGATTAATACATGAAAATGCTTAAAAGTGATAGGAATTATTGAGAAACTTATGATGGTGGCATTGCCTTTTATAAACATGGAGTGAAAGCCATTTGACTCAACGTTTGCTGTGCTTAAAGAATTGCTTCAGGACCCGAGCGTTTTTATGTATGCTGTTCCTGCAGTTAGGAAAAAAAAATCCAAGAAATGTATTGAATACTCAAGAAAATGCCACATTTCAATTACATATTTAAAACTGTATCTGTAAGGGCTTTTCAAAATGTAGCAAGATAAAAATCTCTTATTCAAATTGTTTTTGTATTAAATCATGCACTCAGAATTTGTCGAGGGAGAGAATAACCTGGTGTGTTCAGGTTATTCTTAGAGACTACACATTTGGAATAGCAGAGCAAAATATGGATAATGAAAGTGTTGGGAAAAAAGTGATGTGACAGGGAGTGAAGACACTTGATACCAGACTCTGGGAGATACTCTGCAAGTTGACCTGGGAGCTCG	689	50.8625961150029	37.0093875132931	40.9936646813613	48.3278844549183	45.4681272889242	46.4296309688338	40.97415780559	41.7215062918286	100	NA	NA	NA	1	4.29665277029765e-09	43.5948167903764	43.973369389969	1
ITPR2_5	ITPR2	NM_002223	GACTAGTCAGTTAACATCCTTGTATTTATATAGTGACATCAAAATAAATGCAATCATCTTGAACTTTGATGTTAAGGGAGATTTTGAAAAAATATTTAGTTATTTCAAATTCATATTGGTTCAAAAGTATCAGTTTCTGCTGAATAATATTTTTAATTTCAAAAGGGTTTTGTTCCCTCTGTGCTCCATTCTGAGGCTCAAGAGCTTAATGCCAGTATGTTTTCTGAGTTAAAATAACACTTTTAGATGAGAAAATGCTTGTATCATACAGGGCTATAATATAAATAAATAAATTGTATGTATGCAAAAGAGCTCG	316	80.1192983110811	67.7281958962881	91.6681373732568	80.596232839242	76.3733461279205	96.989210546644	59.2483057439981	71.5714607212058	100	NA	NA	NA	2	0.00148175071683383	78.2463222195008	78.0367734449545	1
ITPR3_1	ITPR3	NM_002224	GACTAGTGGAGAGCCACCGAAGGCCCCAACAGGGGATGCTCATCACTGGAGACTGCGACTGGGAAGAACACTGCCCCCTCCCTCGGGTTGGGTGGCCCAGCCAGCTGGCCAGCCTCCACTCCCACTCTGCCAGACACCCTGACACCCACCCAGGCTTTGAAGAGCATGGAGGGGGAGCCTCAGAGCTGACAGTCCTGCTTAGAGCCCTTAAAAAGACTTGAAAGTTCACTGGGACTCAGTTTACCTTAATGCCTTAGCAGAAGATAAATCCTACCTAGAGACCTTTGTTCCTTAAAGCAATAACTGACAACTCTTTGTAGTCCTCCTTGTGGGTAGTTAAGAGTGGGGTCACCCCTTTAACTCCAAGCACTACATTTTGGCGGCTGCCGGCCTCTGGGGGAGGTGGCAGTTATGCTGTTACatGTGATTTTAGGGCTTTGTTATTTAACTTATTTCAAGGGTGCTGTGCTCAGCCCTGCCCATGGCTGTGCAGCTCCCTCCGTGCCTCAGATCTGCTGTAGCCAGTGCAGACCTCACTGTCGTGTCCATGCCACCCCCGGCATGGCTCCAGGTGGCCTGGTGACTCCATGATGGACGATCTTGCTCCCAGGACCTGCCTCTTCCCAGGCTTCCTGGGGAAGAGTTGTACGCCCAGGCAACAAGGGCTGAGCTGCGCTTGCGTGAGCTCG	689	49.9238396846572	60.1246968853011	49.0991879422545	50.526117865443	66.7413744579394	61.5580916464788	59.8350426945408	53.1977259578087	100	NA	NA	NA	1	2.91524487388541e-07	56.5163843261747	56.3757596418029	1
KIF5A_1	KIF5A	NM_004984	GACTAGTTTTCTAAGAGGGACTGAGGCCTCTTCTCAGCATGCTGCAAACCTGTGGTCTCTGATACTAACTCCCTCCCCAACCCCTGTTGTTGGACTGTACTATGTTTGATGTCTTCTCTTACTTACTCTGTATCTCTTTGTACTCTGTATCTATATATCAAAAGCTGCTGCTATGTCTCTCTTCTGTCTTATTCTCAAGTATCTACTGATGTATTTAGCAATTTCAAAGCATAGTCTACCTTCCTTATTTGGGGCAATAGGGAGGAGGGTGAATGTTTCTTCTTTCTCATCTACTCGTCTCACACTGAGTGGTGTTAGTCACTGAGTAGAGGTCACAGAGATGACAAAAGGAAAAATGGGAGCTAGAGGGTTGTGACCCTTCATACACACACGCACGCACGCACACAAACATGCACACACGCATGCACACACACAAAGCCTTAAGCAGAAGAATGTCTTAGCATCATGAGACAGAGAAATAGACTCTTCCTCCCTCCTCTTTCACATATAGCACAGGGGAAGGTAAAATGGAAGGGCTGCTAATTGAGACATATAATTTTCTTCATACACCCCTCACCTTAATCAAAGGATTCAGGTGTTACTTCTGCCCTACAAAGTCTGCCTTTTGCCTCCCTCTTCCTGTTTTCCCCTGGACTGAGAAATGGGTTGCTCAAGGGACCATGAGCTCG	689	100.444716619168	84.9297814911301	90.0847972843534	85.4653339441928	81.9262840239787	56.4575872167949	78.6980103879148	76.8018647486979	100	NA	NA	NA	1	0.0047799447931695	83.4280327575544	81.8510469645288	1
MAPK10_3	MAPK10	NM_138982	GACTAGTAACCCCCAAACCACAGTGTGAGTCTCAGGTTAGCATTTGAAAACATCTCCAGAGACATTGTTATTCCTCAGGAGTTTCCCTGACTCCTTAATGTGGCTGATGTTTCATGTTTATTTATTTATTTTAATAAGTATGAGCAATCGAAGGGCTGATCATCTGAGTTTTGTACTGCAGTAGATGTAAGAGCAATAACTCTGCCCATAAATTTACTGCTGCCAAATAGTTTTAGCAATATGAGTTTGTCTTAAAAGCCATGAAGCATTAATGTCAATGTTTAGCAAAATCTCCAGAATTTAGCTTAAATTAAATTAAATGAAAGTGCTTTCCTGAGCACTTAAGGAGGCACTGTGAAACATCTTGGTTATGTACAAGGCAATACCAAGGTGATCTCAGCAATAATCAGGCTTCCCTTCTTATTCACTTCGAAGTATCCATCACAGTTATTTGCACTCTGACCATGTTGGTGCTCACTAGAGTGGTGATATTTCACCTGAAGAAGTGAAAGACAGGAAGTGGATGGTTGATGAGTGTGAACTGATTGGCAAATAGAATATCCCCAAAACAGAGCAAACAAGAATGCCAGTGCTCTGAAAACTGCCTTAAATATAATAATAGGGAACTTTCTTTCTCTCTTCAAGCAATAGAGACCACAGGGAACTGCACCCACCTGCACCAGAGCTCG	689	65.4521652640764	62.9731316846492	54.3319750283688	58.887060159717	73.3148715192149	70.6605363111189	56.5814014391306	50.476605283014	100	NA	NA	NA	1	2.69991196115234e-06	60.9300959221831	61.5847183361612	1
PDE1B_1	PDE1B	NM_000924	GACTAGTGTCTTCATTGAGTCCAAAGTGTTTGATGTCATCAGCACCATCCATCAGGACTGGCTCCCCCATCTGCTCCAAGGGAGCGTGGTCGTGGAAGAAACAACCCACCTGAAGGCCAAATGCCAGAGATTTGGGGTTGGGGAAAGGGCCCCTCCCCACCTGACACCCACTGGGGTGCACTTTAATGTTCCGGCAGCAAGACTGGGGAACTTCAGGCTCCCAGTGGTCACTGTGCCCATCCCTCAGCCTCTGGATTCTCTTCATGGCCAGGTGGCTGCCAGGGAGCGGGGAGCTTCCTGGAGGCTTCCCAGGGCCTTGGGGAAGGGTCAGAGATGCCAGCCCCCTGGGACCTCCCCCATCCTTTTTGCCTCCAAGTTTCTAAGCAATACATTTTGGGGGTTCCCTCAGCCCCCCACCCCAGATCTTAGCTGGCAGGTCTGGGTGCCCCTTTTCCTCCCCTGGGAAGGGCTGGAATAGGATAGAAAGCTGGGGGTTTTCAGAGCCCTATGTGTGGGGAGGGGAGTGGATTCCTTCAGGGCATGGTACCTTTCTAGGACCTGGGAATGGGGTGGAGAGGACATCCTCTTCACCCCAGAATTGCGCTGCTTCAGCCCCATCTCCAGCCTGATCCTCTGAATCTTCCTTCCCTCCCTTTCTGATACAGTGACTGGGGCAAAAGGAGAGCTCG	689	79.9720299728099	92.9951527474399	94.2860717456066	99.3814664508375	80.2374953809865	102.874352712842	87.5870776807993	80.2291873125286	100	NA	NA	NA	1	0.0148825554015068	90.2911152141196	89.6953542504813	0
PNKD_1	PNKD	NM_015488	GACTAGTTGCCCCCAGCGCCCCCAGCCCAGCCCACTCCCCGCATGGGGAGGCCGCCACCACCAACACCTCATCATCCTTCTCATCGCTAACACCACCACCTCCATCGGCACCCAAGCGGGCATCATCCCCCCACACTGCTCAGGGGAGGGGAGGGATCAGGCGATGAGACTGTGAGGCCAAAAGAAGGGGGCCTGTTGGAGGCTGGGAACCCCGCAGCGCGAGGCTGCCTCATCAACGGCAAGAGGAAAGGAGGGGTCTCGGGACATCTCCAGACCCTACCAACTGGGAGGGTCCCCTCCTCCTTCCCTACTCCTGGGACGGCAGCAAGGACATGGGGGCTGCTGTTAGCTTCTCCGTCAGGAGGCCTCATCTCACTGTAGCCCTGGAACCCAGGGTCCATCTTGCCCTTCCCCCATCCATGGTTGGGAAAGAAGCTCAGCCCCTCACAGTGGCCTCAAGTGTGATGCCTTACAAAAGCACCACTCAGATGGGCAGCTGGACTCTGGTGTCCTGAGACTCTGCCCTCTTCCCACAGCCTCCCTGCCCCACCCATCCCTGCAAAGCCATTTTTCAGACAGAGCCATTCCTAAGAACACTGAAGGGCTGGAATGCTGGCTGGCCACTCTCTGCCTCAGTGGCCTCCCTACAGCCTGGAAGAAGGAGGGTCCTGATTGCCAAGGAGAGCTCG	689	111.917888323077	85.5328793528212	98.6458995471903	88.0514911626127	81.8891378331668	77.1975311367101	94.2874206432837	72.5010619990417	100	NA	NA	NA	1	0.0401557243159779	86.792185257717	88.7529137497379	1
PPFIA4_2	PPFIA4	NM_001304331	GACTAGTAGGCCCTGGCATAAGCTGAATCCCAAATTTGAGTTTGGGAAGAACCAGAGAGAAATGGATCCCTGAaaTCTGAGCCAAGGGTGAGGATGGGGAAACTCTAAGCTCCCACCTAATAAGAAGCATAGGCAGACCAGCCAGAGGGAGAGCCAATGGCCTCTGGTAGCCTTAAGCCCAAAGGGCAGTGGGAATGTCCCCTGCCCCAACCATCGGGTGGAaaTCCTGCTGGGCTATGGGGAAGGGAGGTTGTGCGGATCTTGACTCTAGGGCAGAACAGATCTAACCATGCATTGCTAGCTCTGCTCCCAGCATCCCTTCCCCTTCTCTCCTCCTCTGCCTCACTTCTTTAGTAATCCCAACCCTATAAAAATGAACCTAATGGGTGGATTGAATATACATTGAGCCCAAAGTCAAGTTTGGGGAAAAGGCAGACTAAGGCCTCCTTTCTCTGACCTCCCAGGAAGAAAATAGCTTCTCCTACAGTGATTCATGTCCCAGGTCCAGGAAATCCAATGTTGGTGAAGGCAGCCACTCTCTTGCTTGTCCCCAAATCACCTAACCCTCATCCAGGGCTATTTTGGTGGGCAGGGACTGCCTCCTCCCGGAATTCCTAAGATCCGCCCAGCTGCCACCATTTTCATTGCTTTCCCCAGCAGCATGATGGGAACCCAAGCTGAGGAGCTCG	689	103.590655471816	81.0603171357928	84.5565255801101	78.6532821596067	93.3366931199354	73.1544952574837	79.5956510626307	61.4539395223541	100	NA	NA	NA	2	0.00491600590418242	80.3279840992117	81.9251949137161	1
PPFIA4_1	PPFIA4	NM_001304331	GACTAGTCCATGGCCCCCAGGGCTGGCTTCCTCCTTCTGGGTTTCACAGGCTCCTCTGGCCCTGACCCCTCTTGCTCGTTCCCCTTCCTTCCGCAGCTCCTAGTCTCGTCCGTGACTTTCCGGTTGCCCTGGATCTCAGAATATATTCGTCCACCCCCTCGGCACCCCATTACCCCGAGTCCCACCGTGTGTCCGTTGTAAGTCCGGTGGATGTGGCTGGGGTTTCCTGGTATTGTGGAGGCACCCAGGTTGTCCATGCTTGGGATTCTGGGGGAAGGAGAGAAGGGCAGCTCAGGGTGGATGTGAAGCCACCCTTCCTCTTCTGGACCCAGCCTGGTCTGCACTGCAACCTCCACCAGGACCAGGATCCTGGGCCACAGGCTGGGATGGTCCTTCCAAGAAAGGGTCATTTCAGACGCAGCCCTGCTTGGGCTATTCAATCTTAGGGTGTCTATCCACGTCTGGCTGTGCCAAATGGTCTGGCAGCTGGTTTTGGCATCCCCAGCATCACCACTCTCCCAACCCATCACCGTGACTGCAGTTCCTGCCCCCATTCTCTTGGGGTCAGGGAGGGGCTGGGAAGGGCTACTGAAGGCCCCATTCTCCCACAGGATGGTGAGGCTGGGAGGAGGAAGACTGAGGTAGAGATTCCAGGCCCTGGCATAAGCTGAATCCCAAATTTGAGCTCG	689	98.250090229537	90.7635425220241	83.6879278935055	86.1699846955372	79.9641942375927	80.0713078997531	80.8873942233438	75.0386610004253	100	NA	NA	NA	1	0.000515169935128517	82.2876610584247	84.3541378377148	1
SLC18A1_1	SLC18A1	NM_001142324	GACTAGTCAGCAGAAGGTGCTCCTTGAATTCATGATGCCTCAGTGACCACCTCTTTCCCTGGGACCAGATCACCATGGCTGAGCCCACGGCTCAGTGGGCTTCACATACCTCTGCCTGGGAATCTTCTTTCCTCCCCTCCCATGGACACTGTCCCTGATACTCTTCTCACCTGTGTAACTTGTAGCTCTTCCTCTATGCCTTGGTGCCGCAGTGGCCCATCTTTTATGGGAAGACAGAGTGATGCACCTTCCCGCTGCTGTGAGGTTGATTAAACTTGAGCTGTGACGGGTTCTGCAAGGGGTGACTCATTGCATAGAGGTGGTAGTGAGTAATGTGCCCCTGAAACCAGTGGGGTGACTGACAAGCCTCTTTAATCTGTTGCCTGATTTTCTCTGGCATAGTCCCAACAGATCGGAAGAGTGTTACCCTCTTTTCCTCAACGTGTTCTTTCCCGGGTTTTCCCAGCCGAGTTGAGAAAATGTTCTCAGCATTGTCTTGCTGCCAAATGCCAGCTTGAAGAGTTTTGTTTTGTTTTTTTTCATTTATTTTTTTTTTTAATAAAGTGAGTGATTTTTCTGTGGCTAAATCTAGAGCTGCTAAAAGGGCTTTACCCTCAGTGAAAAGTGTCTTCTATTTTCATTATCTTTCAGAAACAGGAGCCCATTTCTCTTCTGCTGGAGTGAGCTCG	689	68.6029776677429	58.1460868195364	51.3492824307927	33.9894293130168	58.4307557150601	44.8054392493878	65.0814293315098	61.7632884220771	100	NA	NA	NA	1	1.08237850345812e-05	58.2884212672982	55.2710861186405	1
STX1A_2	STX1A	NM_004603	GACTAGTCCCCAGGTGTCCCTCTGGAAGGGGCTGGCTGGTGCCCTATTTCCAGCCACCCCAGCAGCTAGGGAGGCAAAGCAGGCTGCAGTCAGTCCCTCAAGCCAGCGTTGCATGTTTGGGATGGTGGCTCCTGTTGTCTTGCGCTCTGGGAAGTCAGATGTCATTTCAGGCCTGCAGTCTCATCCTGCCCTTGCCATCCTCCCATCGATGTGCCACGTGGGTGTCACGTGTCCCAGATGCAGTATTCGGCAGCCAGCCGGGGAGGGCTACCTCCTCCTCCTCACCACCTTGGGGCTTCTCATGGGAAATGTGCCCCCGCCCCAGGACCCTCTCCCTTGTGGACAGGCAGGGAGATGCATGCGAGTGCATGCAGCAGGGGATGGGGCCGTGTCCGTGTGCCCCACCCTCCCTCGGCTTTACTCCTGCCCAGTGACTGTGACCACTGTCCGTGTTGCCTTCTTGAACAGCGATTCCCCCCAACCCCTTCACCAAAGGTCTTGGTACAACCAGCTGCCCATTTTGTGAAATTTTTATGTAGAATAAACATTTGTATCTGTACCAGGAGCTCG	570	104.118435820457	93.0254729260944	88.9338741609178	93.9860474523531	71.4628691627898	83.9380022199975	81.7949150555228	83.2169195844193	100	NA	NA	NA	1	0.00882890138950345	86.4359381904577	87.5595670478189	1
SYT1_3	SYT1	NM_005639	GACTAGTACAAACCAAGAACAAGTTCTAGAAAACTGAAGCAACCTCTTATGTATACTAGATGCTTGATTTAGGAGGAGTTTTTAAACGTTTTCAATGTTATTATGTAGTAAATGACACTATTATGAAGCTACATGTCATTCCATAAGAGTCTTAAAGGACTGCTCTGTGTAACACTGTGACTGCCGTGTGTGCTTAGACCCGTAGTTTCCTCAGTGGATAGCACTCAATTTATTCCGTAGTGATATTGTAACAATACTGCCATTCCCTTCTACTGCACTGCCCAAGGTGTGTGTAGCACAAACAGTTCTCATTACAAAGGACCAATTCAGAACTGAAAAGCTATGCATAGGACAAGGAAGATACATAGAATGGGGTGGAACACAGCATTTTGTCAAGCACTGTGCAATATTCCATATTTTTCCCCACTATGGTAGACAACCATTTCGTGGAAGGGCAGCCTATTATCCCACACTGCATCTAGCCTTTTGTCCCATTCACTTCTGTGATCCATTTTAATTTCCAGGCCACAAGACAGTAGTGATGCTCTGAAATGAAAGTTTGTCTTCACAAATATCAAAACAAAATGGAGGAAAACTAAGCATTGGCCTCATGTTCAGTCTTCAGGATATCACACCACGTCTTTTCAAAAACTAAAGAGAATTCAAAAAGGGCTGATGGTAGGAGCTCG	689	52.763867848871	44.1726437430102	54.9998170935104	53.6840701408927	52.924157131869	41.9257170036956	58.3442583331467	40.4944934529043	100	NA	NA	NA	1	1.32605470700548e-07	52.84401249037	49.9136280934875	1
TOMM20_5	TOMM20	NM_014765	GACTAGTATGAGATGTTATTGCAGAAGAGATTGAGAAAATTGGTATATCATGCAGATAACATACAAAATCTTTTTGTAACGTAAAAAATGCAGTTTTATTATTGCTTGTGCCTCAACTGTTTAAGTGAATATTAAAGGGCTTGGAGAAAACTTTGGAGCTCG	162	80.824678395093	76.4269478953358	73.9505326372813	64.0363530945453	89.1361190229684	61.2592261105877	71.8845450045813	61.0897018301979	100	NA	NA	NA	1	0.000100937599068153	72.9175388209313	72.3260129988239	1
UBE2G2_1	UBE2G2	NM_003343	GACTAGTGACCTGGCCTCGCACAGGCGCGCACACACCGCCAAGCAGCTCAGCATTCTCCCCCGGCACACTTAGTGACAGTGATGCTCTGTGCTGGTACCAAACAAGGCAGACTTGCAAGAACCATGGCATCTTTTTTTTTTTTCAAACCTTTCCTACTTCAAACAGGCTTCTCTTCTGAAATGATGACTTAATGTCGAATATTGACAGCTTACTGCAGTTTTACAGTATTCCTCACAAAGGGCTTCAGGTAGATTATCAGAGCTGTCAGCACTACCTCTCCCCGCTGAAACCAGCAGTTCATGGCTTCCTGTGGATTCCCTCCCTCCCTGGAGTGTTGAGGGGGTTGTACCTGCCAGACTTCCAGGGGACGATGGAATACCCAGAACGCTCCTTCTGAAGAAATGGGGCCCTGTAGCTGCAGCACAGGGGAAGGGCCCGGCACCCTTTCTGGGTCCTTCCTGGTTCCCTGTGGGCCCCATGAGGAGTCCATTACTTCCTTTCTTCCTTCATATTTTACAGGCAGATGCTTTTCTTATAATCTAATTACATCTTTTCATTTGTTATATATTACAAACCATCACACTTAGAAATACTTCCAGGAAATGCTTTTTTGAAGTGTGAATTAATAAGAAATGGGGTAAATAGAAAAGAAATTTATTGCTGATTGGCCAGGTGCGGTGGGAGCTCG	689	84.6341092772686	70.8644161310264	63.4343475333245	60.8487971664323	73.5364314562983	74.4420355310607	71.8908153678443	80.5195958492112	100	NA	NA	NA	1	2.39121394558541e-05	72.7136234120713	72.5213185390583	1
UNC13B_2	UNC13B	NM_006377	GACTAGTTGCTTCAAAGCCCTGAGAAGAATATTTCTTTGGACCCCAGGCACTAGGGGCCACCTGCCTGGGAGTCTCCCTGCCTCACTCCTCTAGGCAGGGGAGTGATGCTTCAGGACGTGACAGGCTGTTCTAACATGTGTCTACCTGAGGGCTAGTTGAAGGATCCAGGAGTATTTTCTTCTTGGGTGGGCCCTGAACAAAGCCAAAAATTGTAGAAACCAGTCTAGAAAAAGTCCTGCTCATCTGTGGCCACTGCCTTCTAGCCGTCCTCCACCTTGCAGAAAGAATCTAGCCTTTGGTCTCTCTCTCTCTCATCGGGGTCATTTGCTATTCCCCTCTGATATTCAACCCTATAGAAGGAGCCTGGACTCTGATCCCTCTGTACAGGCTGGATGGAAGGGGCCCTCCACACTTCCTGGGAGGTCAGAGACAAACTGTTTCAGAGAGTCAGATGGACTTCCCAAGACTTGTTGAGAGATGTGACATGGTTCTTGGATTTCCTCTGTAGCAGCCTCCTGGACTTCCTGAGGACTCGACATTGTCCACAGATGTACTGGCCATTACATGAAACAAGAAACCAAGCATCTTTGCTGTTGTTAATTATTATATGTGCCATTGTTACAGGAGATTATAGGCTAGTCTGTAATAAATTATCTTATAGCAGCCGAGCTCG	674	91.5380237713149	80.4100669361047	75.6168488809375	61.0369866294146	80.8040581183137	75.8155025925794	80.8947280500382	60.6033760704259	100	NA	NA	NA	1	0.000327793118747075	78.1127847643421	75.8399488811411	1
